MAE,RMSE,R2,Direction Accuracy,MAPE
11.411532013107509,13.297317156823347,0.9537301646388708,0.65,3.5461142251858946
