,Actual,Predicted,Error
0,230.5800018310547,243.15282876878518,-12.572826937730497
1,248.08999633789065,235.6556464273499,12.43434991054076
2,240.67999267578125,229.2030679370073,11.47692473877396
