,Actual,Predicted,Error
0,248.08999633789065,240.97195916077908,7.1180371771115745
1,240.67999267578125,239.90959706629837,0.7703956094828754
2,249.97999572753903,239.4616357791656,10.518359948373444
