,Actual,Predicted,Error
0,248.08999633789065,252.40817730628987,-4.3181809683992185
1,240.67999267578125,249.56971010980487,-8.889717434023623
2,249.97999572753903,248.08514912734245,1.894846600196587
